FWDFiles,REVFiles,Sample,Library,LANE,Hash_FWD,Hash_REV,Index,Fragment_size_bp,Organism,Machine,Run_Nb,Run_Date,Cycle_Nb,Run_Type,,,,,
CM1_L6_R1_001_O1vbvtrSaKbe.fastq.gz,CM1_L6_R2_001_ehHgbF0IRy3a.fastq.gz,FV1,CM1,6,O1vbvtrSaKbe,ehHgbF0IRy3a,ATGGTTGACT,534,Other,mixed,and,metagenomic,YODA,89,21.08.20,150,HiSeq,4000,PE
CM1_L7_R1_001_TBuNxoTFTc2J.fastq.gz,CM1_L7_R2_001_BmmNmU1RveYO.fastq.gz,FV1,CM1,7,TBuNxoTFTc2J,BmmNmU1RveYO,ATGGTTGACT,534,Other,mixed,and,metagenomic,YODA,89,21.08.20,150,HiSeq,4000,PE
CM2_L6_R1_001_mmqyOfG7OxSj.fastq.gz,CM2_L6_R2_001_GFYBACJmIMyQ.fastq.gz,FV2,CM2,6,mmqyOfG7OxSj,GFYBACJmIMyQ,TATTGCGCTC,533,Other,mixed,and,metagenomic,YODA,89,21.08.20,150,HiSeq,4000,PE
CM2_L7_R1_001_1YuHaJJsxe0q.fastq.gz,CM2_L7_R2_001_YyMOxmbG0qcM.fastq.gz,FV2,CM2,7,1YuHaJJsxe0q,YyMOxmbG0qcM,TATTGCGCTC,533,Other,mixed,and,metagenomic,YODA,89,21.08.20,150,HiSeq,4000,PE
CM3_L6_R1_001_lU5DFHRsaUHK.fastq.gz,CM3_L6_R2_001_drs8whU4e2lK.fastq.gz,FV3,CM3,6,lU5DFHRsaUHK,drs8whU4e2lK,ACGCCTTGTT,510,Other,mixed,and,metagenomic,YODA,89,21.08.20,150,HiSeq,4000,PE
CM3_L7_R1_001_ssaIJ5D7vqKy.fastq.gz,CM3_L7_R2_001_obraNTcdR5rI.fastq.gz,FV3,CM3,7,ssaIJ5D7vqKy,obraNTcdR5rI,ACGCCTTGTT,510,Other,mixed,and,metagenomic,YODA,89,21.08.20,150,HiSeq,4000,PE
CM4_L6_R1_001_yZjWCSpX20XQ.fastq.gz,CM4_L6_R2_001_bbdBLu6WiFmV.fastq.gz,MFUL1,CM4,6,yZjWCSpX20XQ,bbdBLu6WiFmV,TTCTACATAC,532,Other,mixed,and,metagenomic,YODA,89,21.08.20,150,HiSeq,4000,PE
CM4_L7_R1_001_riRYxc38w0D5.fastq.gz,CM4_L7_R2_001_hIezeXypuZuQ.fastq.gz,MFUL1,CM4,7,riRYxc38w0D5,hIezeXypuZuQ,TTCTACATAC,532,Other,mixed,and,metagenomic,YODA,89,21.08.20,150,HiSeq,4000,PE
CM5_L6_R1_001_WNxtogCckjD5.fastq.gz,CM5_L6_R2_001_JtZSj2KM2x8b.fastq.gz,MFUL2,CM5,6,WNxtogCckjD5,JtZSj2KM2x8b,AACCATAGAA,532,Other,mixed,and,metagenomic,YODA,89,21.08.20,150,HiSeq,4000,PE
CM5_L7_R1_001_2CLtYigxibKM.fastq.gz,CM5_L7_R2_001_FjtUpfWuL3Zo.fastq.gz,MFUL2,CM5,7,2CLtYigxibKM,FjtUpfWuL3Zo,AACCATAGAA,532,Other,mixed,and,metagenomic,YODA,89,21.08.20,150,HiSeq,4000,PE
CM6_L6_R1_001_y5o5Cv1kN8hc.fastq.gz,CM6_L6_R2_001_nyulV1vD9aHt.fastq.gz,MFUL3,CM6,6,y5o5Cv1kN8hc,nyulV1vD9aHt,GGTTGCGAGG,526,Other,mixed,and,metagenomic,YODA,89,21.08.20,150,HiSeq,4000,PE
CM6_L7_R1_001_16VlDdvgFuEQ.fastq.gz,CM6_L7_R2_001_6qYXdMAE1aAu.fastq.gz,MFUL3,CM6,7,16VlDdvgFuEQ,6qYXdMAE1aAu,GGTTGCGAGG,526,Other,mixed,and,metagenomic,YODA,89,21.08.20,150,HiSeq,4000,PE
CM7_L6_R1_001_4GGqo9ptQyU7.fastq.gz,CM7_L6_R2_001_QRrfP2WyZkMv.fastq.gz,MSEM1,CM7,6,4GGqo9ptQyU7,QRrfP2WyZkMv,TAAGCATCCA,533,Other,mixed,and,metagenomic,YODA,89,21.08.20,150,HiSeq,4000,PE
CM7_L7_R1_001_c7N1BmXIAGOa.fastq.gz,CM7_L7_R2_001_e78Iffnaz9RI.fastq.gz,MSEM1,CM7,7,c7N1BmXIAGOa,e78Iffnaz9RI,TAAGCATCCA,533,Other,mixed,and,metagenomic,YODA,89,21.08.20,150,HiSeq,4000,PE
CM8_L6_R1_001_rfe1x7khXEez.fastq.gz,CM8_L6_R2_001_aMJVFPGbV7R0.fastq.gz,MSEM2,CM8,6,rfe1x7khXEez,aMJVFPGbV7R0,ACCACGACAT,526,Other,mixed,and,metagenomic,YODA,89,21.08.20,150,HiSeq,4000,PE
CM8_L7_R1_001_K21w6VSE74ec.fastq.gz,CM8_L7_R2_001_ouyqFhLwmpXV.fastq.gz,MSEM2,CM8,7,K21w6VSE74ec,ouyqFhLwmpXV,ACCACGACAT,526,Other,mixed,and,metagenomic,YODA,89,21.08.20,150,HiSeq,4000,PE
CM9_L6_R1_001_FUpfmS5X04S0.fastq.gz,CM9_L6_R2_001_RODCRdAPqm08.fastq.gz,MSEM3,CM9,6,FUpfmS5X04S0,RODCRdAPqm08,GCCGCACTCT,523,Other,mixed,and,metagenomic,YODA,89,21.08.20,150,HiSeq,4000,PE
CM9_L7_R1_001_VT1ZaRkn3jVG.fastq.gz,CM9_L7_R2_001_xZLk1icRexrR.fastq.gz,MSEM3,CM9,7,VT1ZaRkn3jVG,xZLk1icRexrR,GCCGCACTCT,523,Other,mixed,and,metagenomic,YODA,89,21.08.20,150,HiSeq,4000,PE
CM10_L6_R1_001_OHH1qaQM9dRN.fastq.gz,CM10_L6_R2_001_iMAd640AjK8F.fastq.gz,MINT1,CM10,6,OHH1qaQM9dRN,iMAd640AjK8F,CCACCAGGCA,530,Other,mixed,and,metagenomic,YODA,89,21.08.20,150,HiSeq,4000,PE
CM10_L7_R1_001_Eyr4ifzTPon0.fastq.gz,CM10_L7_R2_001_OvJrikSXim4x.fastq.gz,MINT1,CM10,7,Eyr4ifzTPon0,OvJrikSXim4x,CCACCAGGCA,530,Other,mixed,and,metagenomic,YODA,89,21.08.20,150,HiSeq,4000,PE
CM11_L6_R1_001_dy8SvQxqDOc0.fastq.gz,CM11_L6_R2_001_Rka7Gm3tR6bI.fastq.gz,MINT2,CM11,6,dy8SvQxqDOc0,Rka7Gm3tR6bI,GTGACACGCA,523,Other,mixed,and,metagenomic,YODA,89,21.08.20,150,HiSeq,4000,PE
CM11_L7_R1_001_jEV3v331XdK7.fastq.gz,CM11_L7_R2_001_IWQVFjIx2NRL.fastq.gz,MINT2,CM11,7,jEV3v331XdK7,IWQVFjIx2NRL,GTGACACGCA,523,Other,mixed,and,metagenomic,YODA,89,21.08.20,150,HiSeq,4000,PE
CM12_L6_R1_001_TU3G2L89X8m0.fastq.gz,CM12_L6_R2_001_B3nABCk4rugm.fastq.gz,MINT3,CM12,6,TU3G2L89X8m0,B3nABCk4rugm,ACAGTGTATG,521,Other,mixed,and,metagenomic,YODA,89,21.08.20,150,HiSeq,4000,PE
CM12_L7_R1_001_JpiPsu4xYckG.fastq.gz,CM12_L7_R2_001_X89D2bNzxckZ.fastq.gz,MINT3,CM12,7,JpiPsu4xYckG,X89D2bNzxckZ,ACAGTGTATG,521,Other,mixed,and,metagenomic,YODA,89,21.08.20,150,HiSeq,4000,PE
CM13_L6_R1_001_BNcUUqZvf67b.fastq.gz,CM13_L6_R2_001_6gNsE5vUJypy.fastq.gz,MLT1,CM13,6,BNcUUqZvf67b,6gNsE5vUJypy,TGATTATACG,521,Other,mixed,and,metagenomic,YODA,89,21.08.20,150,HiSeq,4000,PE
CM13_L7_R1_001_XQH90S4zwroM.fastq.gz,CM13_L7_R2_001_egqnTpgJibii.fastq.gz,MLT1,CM13,7,XQH90S4zwroM,egqnTpgJibii,TGATTATACG,521,Other,mixed,and,metagenomic,YODA,89,21.08.20,150,HiSeq,4000,PE
CM14_L6_R1_001_QRcYd6ARmS1G.fastq.gz,CM14_L6_R2_001_w0E39xUjP1FM.fastq.gz,MLT2,CM14,6,QRcYd6ARmS1G,w0E39xUjP1FM,CAGCCGCGTA,526,Other,mixed,and,metagenomic,YODA,89,21.08.20,150,HiSeq,4000,PE
CM14_L7_R1_001_ydLQ5uxEymaZ.fastq.gz,CM14_L7_R2_001_KgNBh8P3jQIU.fastq.gz,MLT2,CM14,7,ydLQ5uxEymaZ,KgNBh8P3jQIU,CAGCCGCGTA,526,Other,mixed,and,metagenomic,YODA,89,21.08.20,150,HiSeq,4000,PE
CM15_L6_R1_001_Rmyxi3zRq5r1.fastq.gz,CM15_L6_R2_001_fJaZqqeYw1jl.fastq.gz,MLT3,CM15,6,Rmyxi3zRq5r1,fJaZqqeYw1jl,GGTAACTCGC,523,Other,mixed,and,metagenomic,YODA,89,21.08.20,150,HiSeq,4000,PE
CM15_L7_R1_001_hBijYCCoCvXQ.fastq.gz,CM15_L7_R2_001_qp7ulKidTYIW.fastq.gz,MLT3,CM15,7,hBijYCCoCvXQ,qp7ulKidTYIW,GGTAACTCGC,523,Other,mixed,and,metagenomic,YODA,89,21.08.20,150,HiSeq,4000,PE
CM16_L6_R1_001_mX5fvH2U9i2V.fastq.gz,CM16_L6_R2_001_L3t5ejGWy3NP.fastq.gz,SP1,CM16,6,mX5fvH2U9i2V,L3t5ejGWy3NP,ACCGGCCGTA,468,Other,mixed,and,metagenomic,YODA,89,21.08.20,150,HiSeq,4000,PE
CM16_L7_R1_001_SEN6gPhUSxCW.fastq.gz,CM16_L7_R2_001_y7kOCZPvpzW9.fastq.gz,SP1,CM16,7,SEN6gPhUSxCW,y7kOCZPvpzW9,ACCGGCCGTA,468,Other,mixed,and,metagenomic,YODA,89,21.08.20,150,HiSeq,4000,PE
CM17_L6_R1_001_1H7W9yCNNcag.fastq.gz,M17_L6_R2_001_cZVyappd1ymN.fastq.gz,SP2,CM17,6,1H7W9yCNNcag,cZVyappd1ymN,TGTAATCGAC,482,Other,mixed,and,metagenomic,YODA,91,28.08.20,150,HiSeq,4000,PE
CM17_L7_R1_001_sBkbDX8y5au6.fastq.gz,CM17_L7_R2_001_xpnkqtH6o08U.fastq.gz,SP2,CM17,7,sBkbDX8y5au6,xpnkqtH6o08U,TGTAATCGAC,482,Other,mixed,and,metagenomic,YODA,89,21.08.20,150,HiSeq,4000,PE
CM18_L6_R1_001_CsrUqWIv9eZj.fastq.gz,CM18_L6_R2_001_GGq8DEwXSlr5.fastq.gz,SP3,CM18,6,CsrUqWIv9eZj,GGq8DEwXSlr5,GTGCAGACAG,485,Other,mixed,and,metagenomic,YODA,89,21.08.20,150,HiSeq,4000,PE
CM18_L7_R1_001_CRDbwd57vmZ3.fastq.gz,CM18_L7_R2_001_vKgH6AxAW7ia.fastq.gz,SP3,CM18,7,CRDbwd57vmZ3,vKgH6AxAW7ia,GTGCAGACAG,485,Other,mixed,and,metagenomic,YODA,89,21.08.20,150,HiSeq,4000,PE